"Handle","Title","Body (HTML)","Vendor","Type","Tags","Published","Option1 Name","Option1 Value","Variant SKU","Variant Price","Variant Compare At Price","Variant Inventory Tracker","Variant Inventory Qty","Variant Inventory Policy","Variant Fulfillment Service","Variant Requires Shipping","Variant Taxable","Cost per item","Image Src","Image Position","Status"
"permanent-mammoth","Permanent Mammoth","","Bloxhop","Permanent Fruits","Permanent Fruits, blox-fruits","TRUE","Title","Default Title","BH-1","1499.61","1836.54","shopify","10","deny","manual","FALSE","FALSE","146898.50","https://enkkrsrdiwuztnxlykgu.supabase.co/storage/v1/object/sign/SIGMA/Mammoth.webp?token=eyJraWQiOiJzdG9yYWdlLXVybC1zaWduaW5nLWtleV8xN2IwYWM1NS1lNmYxLTQ2MWUtYmJlOS01NWM5NjgzM2Y1YmIiLCJhbGciOiJIUzI1NiJ9.eyJ1cmwiOiJTSUdNQS9NYW1tb3RoLndlYnAiLCJpYXQiOjE3NzU0OTA3NzksImV4cCI6MTgwNzAyNjc3OX0.4I7OwtYW4XIVnailnbOHXRLLkFss3KmDNjFFcE0nftU","1","active"
"permanent-tiger","Permanent Tiger","","Bloxhop","Permanent Fruits","Permanent Fruits, blox-fruits","TRUE","Title","Default Title","BH-2","1922.18","2344.13","shopify","10","deny","manual","FALSE","FALSE","187530.00","https://enkkrsrdiwuztnxlykgu.supabase.co/storage/v1/object/sign/SIGMA/Tiger.webp?token=eyJraWQiOiJzdG9yYWdlLXVybC1zaWduaW5nLWtleV8xN2IwYWM1NS1lNmYxLTQ2MWUtYmJlOS01NWM5NjgzM2Y1YmIiLCJhbGciOiJIUzI1NiJ9.eyJ1cmwiOiJTSUdNQS9UaWdlci53ZWJwIiwiaWF0IjoxNzc1NDg5ODEyLCJleHAiOjE4MDcwMjU4MTJ9.oRXAeBiGqB1SmbhhAfsx-Ercd4VMQsloEPsLdlbm1fk","1","active"
"permanent-gas","Permanent Gas","","Bloxhop","Permanent Fruits","Permanent Fruits, blox-fruits","TRUE","Title","Default Title","BH-3","1422.10","1953.44","shopify","10","deny","manual","FALSE","FALSE","156275.00","https://enkkrsrdiwuztnxlykgu.supabase.co/storage/v1/object/sign/SIGMA/Gas.webp?token=eyJraWQiOiJzdG9yYWdlLXVybC1zaWduaW5nLWtleV8xN2IwYWM1NS1lNmYxLTQ2MWUtYmJlOS01NWM5NjgzM2Y1YmIiLCJhbGciOiJIUzI1NiJ9.eyJ1cmwiOiJTSUdNQS9HYXMud2VicCIsImlhdCI6MTc3NTQ5MDQ2OSwiZXhwIjoxODA3MDI2NDY5fQ.FIUOeXr2dRABrXi03TZKsyp86cZgm3yZDdWBc32OVCo","1","active"
"permanent-dragon","Permanent Dragon","","Bloxhop","Permanent Fruits","Permanent Fruits, blox-fruits","TRUE","Title","Default Title","BH-5","3013.61","3906.88","shopify","10","deny","manual","FALSE","FALSE","312550.00","https://enkkrsrdiwuztnxlykgu.supabase.co/storage/v1/object/sign/SIGMA/Dragonwhole.webp?token=eyJraWQiOiJzdG9yYWdlLXVybC1zaWduaW5nLWtleV8xN2IwYWM1NS1lNmYxLTQ2MWUtYmJlOS01NWM5NjgzM2Y1YmIiLCJhbGciOiJIUzI1NiJ9.eyJ1cmwiOiJTSUdNQS9EcmFnb253aG9sZS53ZWJwIiwiaWF0IjoxNzc2MTg1ODMyLCJleHAiOjE4MDc3MjE4MzJ9.5jsWY2oe4xpJUwc9wdGxxl2_5UtVM6WVj_HNsqbY-sk","1","active"
"permanent-control","Permanent Control","","Bloxhop","Permanent Fruits","Permanent Fruits, blox-fruits","TRUE","Title","Default Title","BH-6","2441.02","3125.50","shopify","10","deny","manual","FALSE","FALSE","250040.00","https://enkkrsrdiwuztnxlykgu.supabase.co/storage/v1/object/sign/SIGMA/Control.webp?token=eyJraWQiOiJzdG9yYWdlLXVybC1zaWduaW5nLWtleV8xN2IwYWM1NS1lNmYxLTQ2MWUtYmJlOS01NWM5NjgzM2Y1YmIiLCJhbGciOiJIUzI1NiJ9.eyJ1cmwiOiJTSUdNQS9Db250cm9sLndlYnAiLCJpYXQiOjE3NzU0OTAxODYsImV4cCI6MTgwNzAyNjE4Nn0.8qLCY6n-7xvDXPKXzYqeFcSN8-CZskrPKPS_UZgM2Js","1","active"
"permanent-trex","Permanent T-rex","","Bloxhop","Permanent Fruits","Permanent Fruits, blox-fruits","TRUE","Title","Default Title","BH-13","1499.61","1836.54","shopify","10","deny","manual","FALSE","FALSE","146898.50","https://enkkrsrdiwuztnxlykgu.supabase.co/storage/v1/object/sign/SIGMA/T-Rex.webp?token=eyJraWQiOiJzdG9yYWdlLXVybC1zaWduaW5nLWtleV8xN2IwYWM1NS1lNmYxLTQ2MWUtYmJlOS01NWM5NjgzM2Y1YmIiLCJhbGciOiJIUzI1NiJ9.eyJ1cmwiOiJTSUdNQS9ULVJleC53ZWJwIiwiaWF0IjoxNzc1NDkwODc2LCJleHAiOjE4MDcwMjY4NzZ9.qxhkLWT0Ayezhc45y2ToMkgF1Yu7NRa73AHIRuVKARg","1","active"
"permanent-yeti","Permanent Yeti","","Bloxhop","Permanent Fruits","Permanent Fruits, blox-fruits","TRUE","Title","Default Title","BH-16","1922.18","2344.13","shopify","9","deny","manual","FALSE","FALSE","187530.00","https://enkkrsrdiwuztnxlykgu.supabase.co/storage/v1/object/sign/SIGMA/Yeti.webp?token=eyJraWQiOiJzdG9yYWdlLXVybC1zaWduaW5nLWtleV8xN2IwYWM1NS1lNmYxLTQ2MWUtYmJlOS01NWM5NjgzM2Y1YmIiLCJhbGciOiJIUzI1NiJ9.eyJ1cmwiOiJTSUdNQS9ZZXRpLndlYnAiLCJpYXQiOjE3NzU0ODk5NjYsImV4cCI6MTgwNzAyNTk2Nn0.o3dCCPJMm4f_gsMNyGT0_vdIgShQnJw1h3LuoaIhRR0","1","active"
"permanent-kitsune","Permanent Kitsune","","Bloxhop","Permanent Fruits","Permanent Fruits, blox-fruits","TRUE","Title","Default Title","BH-17","2441.02","3125.50","shopify","9","deny","manual","FALSE","FALSE","250040.00","https://enkkrsrdiwuztnxlykgu.supabase.co/storage/v1/object/sign/SIGMA/Kitsune.webp?token=eyJraWQiOiJzdG9yYWdlLXVybC1zaWduaW5nLWtleV8xN2IwYWM1NS1lNmYxLTQ2MWUtYmJlOS01NWM5NjgzM2Y1YmIiLCJhbGciOiJIUzI1NiJ9.eyJ1cmwiOiJTSUdNQS9LaXRzdW5lLndlYnAiLCJpYXQiOjE3NzU0ODkxNDUsImV4cCI6MTgwNzAyNTE0NX0.j1qrbRR-fMxLW2p6IS2dRIG1g9CB_nPj39sWOkcsxRU","1","active"
"permanent-dough","Permanent Dough","","Bloxhop","Permanent Fruits","Permanent Fruits, blox-fruits","TRUE","Title","Default Title","BH-29","1437.73","1875.30","shopify","10","deny","manual","FALSE","FALSE","150024.00","https://enkkrsrdiwuztnxlykgu.supabase.co/storage/v1/object/sign/SIGMA/Dough.webp?token=eyJraWQiOiJzdG9yYWdlLXVybC1zaWduaW5nLWtleV8xN2IwYWM1NS1lNmYxLTQ2MWUtYmJlOS01NWM5NjgzM2Y1YmIiLCJhbGciOiJIUzI1NiJ9.eyJ1cmwiOiJTSUdNQS9Eb3VnaC53ZWJwIiwiaWF0IjoxNzc1NDkzODk2LCJleHAiOjE4MDcwMjk4OTZ9.hVrOr92sRwv4gBpJgO9N6wzbC2yx0gUDm29gMuaX220","1","active"
"permanent-gravity","Permanent Gravity","","Bloxhop","Permanent Fruits","Permanent Fruits, blox-fruits","TRUE","Title","Default Title","BH-30","1374.59","1797.16","shopify","10","deny","manual","FALSE","FALSE","143773.00","https://enkkrsrdiwuztnxlykgu.supabase.co/storage/v1/object/sign/SIGMA/Gravity.webp?token=eyJraWQiOiJzdG9yYWdlLXVybC1zaWduaW5nLWtleV8xN2IwYWM1NS1lNmYxLTQ2MWUtYmJlOS01NWM5NjgzM2Y1YmIiLCJhbGciOiJIUzI1NiJ9.eyJ1cmwiOiJTSUdNQS9HcmF2aXR5LndlYnAiLCJpYXQiOjE3NzU0OTM5NTAsImV4cCI6MTgwNzAyOTk1MH0.tRADWKywsWiooPupIu0AaMHjLOTZl1GLlKY0cjgsRd0","1","active"
"permanent-venom","Permanent Venom","","Bloxhop","Permanent Fruits","Permanent Fruits, blox-fruits","TRUE","Title","Default Title","BH-31","1460.86","1914.68","shopify","10","deny","manual","FALSE","FALSE","153149.50","https://enkkrsrdiwuztnxlykgu.supabase.co/storage/v1/object/sign/SIGMA/Venom.webp?token=eyJraWQiOiJzdG9yYWdlLXVybC1zaWduaW5nLWtleV8xN2IwYWM1NS1lNmYxLTQ2MWUtYmJlOS01NWM5NjgzM2Y1YmIiLCJhbGciOiJIUzI1NiJ9.eyJ1cmwiOiJTSUdNQS9WZW5vbS53ZWJwIiwiaWF0IjoxNzc1NDk0MDQzLCJleHAiOjE4MDcwMzAwNDN9.zy5c0AQwCdzbWhtQuxgL2S7IXWMu90lSkyuAi8EOu48","1","active"
"permanent-phoenix","Permanent Phoenix","","Bloxhop","Permanent Fruits","Permanent Fruits, blox-fruits","TRUE","Title","Default Title","BH-32","1234.57","1562.75","shopify","10","deny","manual","FALSE","FALSE","125020.00","https://enkkrsrdiwuztnxlykgu.supabase.co/storage/v1/object/sign/SIGMA/Phoenix.webp?token=eyJraWQiOiJzdG9yYWdlLXVybC1zaWduaW5nLWtleV8xN2IwYWM1NS1lNmYxLTQ2MWUtYmJlOS01NWM5NjgzM2Y1YmIiLCJhbGciOiJIUzI1NiJ9.eyJ1cmwiOiJTSUdNQS9QaG9lbml4LndlYnAiLCJpYXQiOjE3NzU0OTQyNjEsImV4cCI6MTgwNzAzMDI2MX0.0umG68Rp-ToJ0Obl_kmCed82psUuhwZwAxenkKo3qng","1","active"
"permanent-sound","Permanent Sound","","Bloxhop","Permanent Fruits","Permanent Fruits, blox-fruits","TRUE","Title","Default Title","BH-33","1125.18","1484.61","shopify","10","deny","manual","FALSE","FALSE","118769.00","https://enkkrsrdiwuztnxlykgu.supabase.co/storage/v1/object/sign/SIGMA/Sound.webp?token=eyJraWQiOiJzdG9yYWdlLXVybC1zaWduaW5nLWtleV8xN2IwYWM1NS1lNmYxLTQ2MWUtYmJlOS01NWM5NjgzM2Y1YmIiLCJhbGciOiJIUzI1NiJ9.eyJ1cmwiOiJTSUdNQS9Tb3VuZC53ZWJwIiwiaWF0IjoxNzc1NDk0MzMwLCJleHAiOjE4MDcwMzAzMzB9.6wYIDdJnOUm_NSKXWbblAUVg8_W-Zk80h_tqUM0g_4U","1","active"
"permanent-spider","Permanent Spider","","Bloxhop","Permanent Fruits","Permanent Fruits, blox-fruits","TRUE","Title","Default Title","BH-34","1158.31","1406.48","shopify","10","deny","manual","FALSE","FALSE","112518.00","https://enkkrsrdiwuztnxlykgu.supabase.co/storage/v1/object/sign/SIGMA/Spider.webp?token=eyJraWQiOiJzdG9yYWdlLXVybC1zaWduaW5nLWtleV8xN2IwYWM1NS1lNmYxLTQ2MWUtYmJlOS01NWM5NjgzM2Y1YmIiLCJhbGciOiJIUzI1NiJ9.eyJ1cmwiOiJTSUdNQS9TcGlkZXIud2VicCIsImlhdCI6MTc3NTQ5NDM2NSwiZXhwIjoxODA3MDMwMzY1fQ.K7QuqSxwvxiyD_zPrq1Kw20m58EPq9Ri8Bi9SoVoVZQ","1","active"
"permanent-creation","Permanent Creation","","Bloxhop","Permanent Fruits","Permanent Fruits, blox-fruits","TRUE","Title","Default Title","BH-35","1043.29","1367.09","shopify","10","deny","manual","FALSE","FALSE","109392.50","https://enkkrsrdiwuztnxlykgu.supabase.co/storage/v1/object/sign/SIGMA/Creation.webp?token=eyJraWQiOiJzdG9yYWdlLXVybC1zaWduaW5nLWtleV8xN2IwYWM1NS1lNmYxLTQ2MWUtYmJlOS01NWM5NjgzM2Y1YmIiLCJhbGciOiJIUzI1NiJ9.eyJ1cmwiOiJTSUdNQS9DcmVhdGlvbi53ZWJwIiwiaWF0IjoxNzc1NDk0Mzk5LCJleHAiOjE4MDcwMzAzOTl9.vbXqQXnwzFP22fAFa5L6NhfZi8uuCZWRZZ4E0qB7qto","1","active"
"permanent-love","Permanent Love","","Bloxhop","Permanent Fruits","Permanent Fruits, blox-fruits","TRUE","Title","Default Title","BH-36","1020.79","1328.34","shopify","10","deny","manual","FALSE","FALSE","106267.00","https://enkkrsrdiwuztnxlykgu.supabase.co/storage/v1/object/sign/SIGMA/Love.webp?token=eyJraWQiOiJzdG9yYWdlLXVybC1zaWduaW5nLWtleV8xN2IwYWM1NS1lNmYxLTQ2MWUtYmJlOS01NWM5NjgzM2Y1YmIiLCJhbGciOiJIUzI1NiJ9.eyJ1cmwiOiJTSUdNQS9Mb3ZlLndlYnAiLCJpYXQiOjE3NzU0OTQ0MzcsImV4cCI6MTgwNzAzMDQzN30.GiLC915VfoWWVc9S4reaIptU33Sy-X1_sFnSvnwI2gQ","1","active"
"permanent-buddha","Permanent Buddha","","Bloxhop","Permanent Fruits","Permanent Fruits, blox-fruits","TRUE","Title","Default Title","BH-37","1012.66","1288.96","shopify","10","deny","manual","FALSE","FALSE","103141.50","https://enkkrsrdiwuztnxlykgu.supabase.co/storage/v1/object/sign/SIGMA/Buddha.webp?token=eyJraWQiOiJzdG9yYWdlLXVybC1zaWduaW5nLWtleV8xN2IwYWM1NS1lNmYxLTQ2MWUtYmJlOS01NWM5NjgzM2Y1YmIiLCJhbGciOiJIUzI1NiJ9.eyJ1cmwiOiJTSUdNQS9CdWRkaGEud2VicCIsImlhdCI6MTc3NTQ5NDQ2NywiZXhwIjoxODA3MDMwNDY3fQ.v1iSWrjlYfocPlJ6v5-Gs2di927_QSfcBYZfgkcNhMg","1","active"
"permanent-quake","Permanent Quake","","Bloxhop","Permanent Fruits","Permanent Fruits, blox-fruits","TRUE","Title","Default Title","BH-38","906.40","1172.06","shopify","10","deny","manual","FALSE","FALSE","93765.00","https://enkkrsrdiwuztnxlykgu.supabase.co/storage/v1/object/sign/SIGMA/Quake.webp?token=eyJraWQiOiJzdG9yYWdlLXVybC1zaWduaW5nLWtleV8xN2IwYWM1NS1lNmYxLTQ2MWUtYmJlOS01NWM5NjgzM2Y1YmIiLCJhbGciOiJIUzI1NiJ9.eyJ1cmwiOiJTSUdNQS9RdWFrZS53ZWJwIiwiaWF0IjoxNzc1NDk0NDk3LCJleHAiOjE4MDcwMzA0OTd9.zwEZyv_p2iuumcVwkE9fPnH-a7V3vGLGU6-YPCONVjA","1","active"
"permanent-blizzard","Permanent Blizzard","","Bloxhop","Permanent Fruits","Permanent Fruits, blox-fruits","TRUE","Title","Default Title","BH-39","1531.50","1758.41","shopify","10","deny","manual","FALSE","FALSE","140647.50","https://enkkrsrdiwuztnxlykgu.supabase.co/storage/v1/object/sign/SIGMA/Blizzard.webp?token=eyJraWQiOiJzdG9yYWdlLXVybC1zaWduaW5nLWtleV8xN2IwYWM1NS1lNmYxLTQ2MWUtYmJlOS01NWM5NjgzM2Y1YmIiLCJhbGciOiJIUzI1NiJ9.eyJ1cmwiOiJTSUdNQS9CbGl6emFyZC53ZWJwIiwiaWF0IjoxNzc1NDk0NTI1LCJleHAiOjE4MDcwMzA1MjV9.G5U5rBwtaChARw29QakYypVlzE75utupGu9z5AsC_04","1","active"
"permanent-pain","Permanent Pain","","Bloxhop","Permanent Fruits","Permanent Fruits, blox-fruits","TRUE","Title","Default Title","BH-40","1312.08","1719.03","shopify","10","deny","manual","FALSE","FALSE","137522.00","https://enkkrsrdiwuztnxlykgu.supabase.co/storage/v1/object/sign/SIGMA/Pain.webp?token=eyJraWQiOiJzdG9yYWdlLXVybC1zaWduaW5nLWtleV8xN2IwYWM1NS1lNmYxLTQ2MWUtYmJlOS01NWM5NjgzM2Y1YmIiLCJhbGciOiJIUzI1NiJ9.eyJ1cmwiOiJTSUdNQS9QYWluLndlYnAiLCJpYXQiOjE3NzU0OTQ1NjQsImV4cCI6MTgwNzAzMDU2NH0.vtiXhcINnliP8pvpWQW4hGNhGnD2i7I1CJgEH9Qb4m4","1","active"
"permanent-lightning","Permanent Lightning","","Bloxhop","Permanent Fruits","Permanent Fruits, blox-fruits","TRUE","Title","Default Title","BH-41","1343.34","1640.89","shopify","10","deny","manual","FALSE","FALSE","131271.00","https://enkkrsrdiwuztnxlykgu.supabase.co/storage/v1/object/sign/SIGMA/Lightning.webp?token=eyJraWQiOiJzdG9yYWdlLXVybC1zaWduaW5nLWtleV8xN2IwYWM1NS1lNmYxLTQ2MWUtYmJlOS01NWM5NjgzM2Y1YmIiLCJhbGciOiJIUzI1NiJ9.eyJ1cmwiOiJTSUdNQS9MaWdodG5pbmcud2VicCIsImlhdCI6MTc3NTQ5NDU5MywiZXhwIjoxODA3MDMwNTkzfQ.UqaYhKqU6hKxw2IbkSHCQk01FLDv3bBCGdiMXTXczfM","1","active"
"permanent-portal","Permanent Portal","","Bloxhop","Permanent Fruits","Permanent Fruits, blox-fruits","TRUE","Title","Default Title","BH-43","1234.57","1562.75","shopify","10","deny","manual","FALSE","FALSE","125020.00","https://enkkrsrdiwuztnxlykgu.supabase.co/storage/v1/object/sign/SIGMA/Portal.webp?token=eyJraWQiOiJzdG9yYWdlLXVybC1zaWduaW5nLWtleV8xN2IwYWM1NS1lNmYxLTQ2MWUtYmJlOS01NWM5NjgzM2Y1YmIiLCJhbGciOiJIUzI1NiJ9.eyJ1cmwiOiJTSUdNQS9Qb3J0YWwud2VicCIsImlhdCI6MTc3NTQ5NDYzOCwiZXhwIjoxODA3MDMwNjM4fQ.EpGKQznB0Nt9PXfvZqTk8Ad10InBqthl4dRo5IhrQ6A","1","active"
"permanent-rubber","Permanent Rubber","","Bloxhop","Permanent Fruits","Permanent Fruits, blox-fruits","TRUE","Title","Default Title","BH-44","718.87","937.65","shopify","10","deny","manual","FALSE","FALSE","75012.00","https://enkkrsrdiwuztnxlykgu.supabase.co/storage/v1/object/sign/SIGMA/RubberIcon2.webp?token=eyJraWQiOiJzdG9yYWdlLXVybC1zaWduaW5nLWtleV8xN2IwYWM1NS1lNmYxLTQ2MWUtYmJlOS01NWM5NjgzM2Y1YmIiLCJhbGciOiJIUzI1NiJ9.eyJ1cmwiOiJTSUdNQS9SdWJiZXJJY29uMi53ZWJwIiwiaWF0IjoxNzc2MDkxMTM0LCJleHAiOjE4MDc2MjcxMzR9.J6W4Oqw9Vq7KW9g1rg3ZL6SgZ6OnUgB7259NjbA59Zs","1","active"
"permanent-light","Permanent Light","","Bloxhop","Permanent Fruits","Permanent Fruits, blox-fruits","TRUE","Title","Default Title","BH-45","649.48","859.51","shopify","10","deny","manual","FALSE","FALSE","68761.00","https://enkkrsrdiwuztnxlykgu.supabase.co/storage/v1/object/sign/SIGMA/Light.webp?token=eyJraWQiOiJzdG9yYWdlLXVybC1zaWduaW5nLWtleV8xN2IwYWM1NS1lNmYxLTQ2MWUtYmJlOS01NWM5NjgzM2Y1YmIiLCJhbGciOiJIUzI1NiJ9.eyJ1cmwiOiJTSUdNQS9MaWdodC53ZWJwIiwiaWF0IjoxNzc1NDk0NzUxLCJleHAiOjE4MDcwMzA3NTF9.pLUtts3EIttwnUJR9Si0HrQTjmZ7aM9LxP8nG7GCYNY","1","active"
"permanent-magma","Permanent Magma","","Bloxhop","Permanent Fruits","Permanent Fruits, blox-fruits","TRUE","Title","Default Title","BH-46","812.63","1015.79","shopify","10","deny","manual","FALSE","FALSE","81263.00","https://enkkrsrdiwuztnxlykgu.supabase.co/storage/v1/object/sign/SIGMA/Magma.webp?token=eyJraWQiOiJzdG9yYWdlLXVybC1zaWduaW5nLWtleV8xN2IwYWM1NS1lNmYxLTQ2MWUtYmJlOS01NWM5NjgzM2Y1YmIiLCJhbGciOiJIUzI1NiJ9.eyJ1cmwiOiJTSUdNQS9NYWdtYS53ZWJwIiwiaWF0IjoxNzc1NDk0NzkxLCJleHAiOjE4MDcwMzA3OTF9.oeBcqZhxCpUM5DJFUVrVU9R5d7aJ4Qv-5jl2lbb_EjY","1","active"
"2xboss-drops-gamepass","2x Boss Drops","","Bloxhop","Gamepasses","Gamepasses, blox-fruits","TRUE","Title","Default Title","BH-49","218.16","273.79","shopify","10","deny","manual","FALSE","FALSE","21878.50","https://enkkrsrdiwuztnxlykgu.supabase.co/storage/v1/object/sign/SIGMA/2xboss_drops.webp?token=eyJraWQiOiJzdG9yYWdlLXVybC1zaWduaW5nLWtleV8xN2IwYWM1NS1lNmYxLTQ2MWUtYmJlOS01NWM5NjgzM2Y1YmIiLCJhbGciOiJIUzI1NiJ9.eyJ1cmwiOiJTSUdNQS8yeGJvc3NfZHJvcHMud2VicCIsImlhdCI6MTc3NjA5NDM5MiwiZXhwIjoxODA3NjMwMzkyfQ.WL-Vw_s5kjR-UJ52RmTiPU4WHHM-zKvc1WwOfHotXzs","1","active"
"2xmastery-gamepass","2x Mastery","","Bloxhop","Gamepasses","Gamepasses, blox-fruits","TRUE","Title","Default Title","BH-50","268.79","351.93","shopify","10","deny","manual","FALSE","FALSE","28129.50","https://enkkrsrdiwuztnxlykgu.supabase.co/storage/v1/object/sign/SIGMA/2xmastery.webp?token=eyJraWQiOiJzdG9yYWdlLXVybC1zaWduaW5nLWtleV8xN2IwYWM1NS1lNmYxLTQ2MWUtYmJlOS01NWM5NjgzM2Y1YmIiLCJhbGciOiJIUzI1NiJ9.eyJ1cmwiOiJTSUdNQS8yeG1hc3Rlcnkud2VicCIsImlhdCI6MTc3NjA5NDcyOSwiZXhwIjoxODA3NjMwNzI5fQ.BjBwVUFy0NYivuCoJNmPXELHH4BqOfgordYjclL8L4I","1","active"
"2xmoney-gamepass","2x Money","","Bloxhop","Gamepasses","Gamepasses, blox-fruits","TRUE","Title","Default Title","BH-51","268.79","314.43","shopify","10","deny","manual","FALSE","FALSE","28129.50","https://enkkrsrdiwuztnxlykgu.supabase.co/storage/v1/object/sign/SIGMA/2xmoney.webp?token=eyJraWQiOiJzdG9yYWdlLXVybC1zaWduaW5nLWtleV8xN2IwYWM1NS1lNmYxLTQ2MWUtYmJlOS01NWM5NjgzM2Y1YmIiLCJhbGciOiJIUzI1NiJ9.eyJ1cmwiOiJTSUdNQS8yeG1vbmV5LndlYnAiLCJpYXQiOjE3NzYwOTQ4MjYsImV4cCI6MTgwNzYzMDgyNn0.vbMXtji9PM_M-AYGuPJ-7CV71T92mYWLnfu-zl3yGSc","1","active"
"fruit-notifier-gamepass","Fruit Notifier","","Bloxhop","Gamepasses","Gamepasses, blox-fruits","TRUE","Title","Default Title","BH-52","1625.26","2109.71","shopify","10","deny","manual","FALSE","FALSE","168777.00","https://enkkrsrdiwuztnxlykgu.supabase.co/storage/v1/object/sign/SIGMA/fruit_notifier.webp?token=eyJraWQiOiJzdG9yYWdlLXVybC1zaWduaW5nLWtleV8xN2IwYWM1NS1lNmYxLTQ2MWUtYmJlOS01NWM5NjgzM2Y1YmIiLCJhbGciOiJIUzI1NiJ9.eyJ1cmwiOiJTSUdNQS9mcnVpdF9ub3RpZmllci53ZWJwIiwiaWF0IjoxNzc2MDk0OTM3LCJleHAiOjE4MDc2MzA5Mzd9.RSJfHxeZp5Zy4D5K2o9Am04NmjQwloZ6vCqbOAAF4HI","1","active"
"fast-boat-gamepass","Fast Boat","","Bloxhop","Gamepasses","Gamepasses, blox-fruits","TRUE","Title","Default Title","BH-53","218.16","273.79","shopify","10","deny","manual","FALSE","FALSE","21878.50","https://enkkrsrdiwuztnxlykgu.supabase.co/storage/v1/object/sign/SIGMA/fast_boats(4).webp?token=eyJraWQiOiJzdG9yYWdlLXVybC1zaWduaW5nLWtleV8xN2IwYWM1NS1lNmYxLTQ2MWUtYmJlOS01NWM5NjgzM2Y1YmIiLCJhbGciOiJIUzI1NiJ9.eyJ1cmwiOiJTSUdNQS9mYXN0X2JvYXRzKDQpLndlYnAiLCJpYXQiOjE3NzYwOTUwMjksImV4cCI6MTgwNzYzMTAyOX0.d5U0O8slDCIKPdxVtLmL7rfIQkrqMtZY8rq4FcWiU-c","1","active"
"dark-blade-gamepass","Dark Blade","","Bloxhop","Gamepasses","Gamepasses, blox-fruits","TRUE","Title","Default Title","BH-54","781.38","937.65","shopify","10","deny","manual","FALSE","FALSE","75012.00","https://enkkrsrdiwuztnxlykgu.supabase.co/storage/v1/object/sign/SIGMA/dark_blade.webp?token=eyJraWQiOiJzdG9yYWdlLXVybC1zaWduaW5nLWtleV8xN2IwYWM1NS1lNmYxLTQ2MWUtYmJlOS01NWM5NjgzM2Y1YmIiLCJhbGciOiJIUzI1NiJ9.eyJ1cmwiOiJTSUdNQS9kYXJrX2JsYWRlLndlYnAiLCJpYXQiOjE3NzYwOTUxNzksImV4cCI6MTgwNzYzMTE3OX0.lQ1-xJV6xtRgIf-8RtIs1V_5KnbydA6jHszvBVeWYug","1","active"
"permanent-ice","Permanent Ice","","Bloxhop","Permanent Fruits","Permanent Fruits, blox-fruits","TRUE","Title","Default Title","BH-56","468.83","","shopify","10","deny","manual","FALSE","FALSE","","https://enkkrsrdiwuztnxlykgu.supabase.co/storage/v1/object/sign/SIGMA/Ice.webp?token=eyJraWQiOiJzdG9yYWdlLXVybC1zaWduaW5nLWtleV8xN2IwYWM1NS1lNmYxLTQ2MWUtYmJlOS01NWM5NjgzM2Y1YmIiLCJhbGciOiJIUzI1NiJ9.eyJ1cmwiOiJTSUdNQS9JY2Uud2VicCIsImlhdCI6MTc3ODI0NzI1NiwiZXhwIjoxODA5NzgzMjU2fQ.ZKAv85Yc1tuxM6bFNgbhDaSqzm2hjFtij1PkHlV4u0M","1","active"
"free","free","","Bloxhop","","mm2","TRUE","Title","Default Title","BH-57","1250.20","","shopify","","deny","manual","FALSE","FALSE","","","","active"
"pet","pet","","Bloxhop","","pet-simulator","TRUE","Title","Default Title","BH-58","62.51","","shopify","","deny","manual","FALSE","FALSE","","","","active"
"pet","pet","","Bloxhop","huge","huge, pet-simulator","TRUE","Title","Default Title","BH-59","31.26","","shopify","10","deny","manual","FALSE","FALSE","","","","active"
"raccoon","Raccoon ","","Bloxhop","Super","Super, grow-a-garden-2","TRUE","Title","Default Title","BH-60","1687.14","1875.30","shopify","10","deny","manual","FALSE","FALSE","125020.00","https://enkkrsrdiwuztnxlykgu.supabase.co/storage/v1/object/sign/grow%20a%20garden/Racoon.webp?token=eyJraWQiOiJzdG9yYWdlLXVybC1zaWduaW5nLWtleV8xN2IwYWM1NS1lNmYxLTQ2MWUtYmJlOS01NWM5NjgzM2Y1YmIiLCJhbGciOiJIUzI1NiJ9.eyJ1cmwiOiJncm93IGEgZ2FyZGVuL1JhY29vbi53ZWJwIiwic2NvcGUiOiJkb3dubG9hZCIsImlhdCI6MTc4MjkyNTQyMSwiZXhwIjoxODE0NDYxNDIxfQ.KuGpSFIuyP06UrkAakC30-LlXtWi7hdVqbjco7fNX7E","1","active"
"ice-serpent","Ice Serpent","","Bloxhop","Super","Super, grow-a-garden-2","TRUE","Title","Default Title","BH-61","6250.37","6876.10","shopify","10","deny","manual","FALSE","FALSE","312550.00","https://enkkrsrdiwuztnxlykgu.supabase.co/storage/v1/object/sign/grow%20a%20garden/IceSerpent.webp?token=eyJraWQiOiJzdG9yYWdlLXVybC1zaWduaW5nLWtleV8xN2IwYWM1NS1lNmYxLTQ2MWUtYmJlOS01NWM5NjgzM2Y1YmIiLCJhbGciOiJIUzI1NiJ9.eyJ1cmwiOiJncm93IGEgZ2FyZGVuL0ljZVNlcnBlbnQud2VicCIsInNjb3BlIjoiZG93bmxvYWQiLCJpYXQiOjE3ODI5MjUzMjUsImV4cCI6MTgxNDQ2MTMyNX0.VrjX8piziJ1vwxbSVuxx1070b6NRawF6CwZlXORoj0o","1","active"
"unicorn","Unicorn ","","Bloxhop","Mythic","Mythic, grow-a-garden-2","TRUE","Title","Default Title","BH-62","749.49","812.63","shopify","7","deny","manual","FALSE","FALSE","62510.00","https://enkkrsrdiwuztnxlykgu.supabase.co/storage/v1/object/sign/grow%20a%20garden/Unicorn.webp?token=eyJraWQiOiJzdG9yYWdlLXVybC1zaWduaW5nLWtleV8xN2IwYWM1NS1lNmYxLTQ2MWUtYmJlOS01NWM5NjgzM2Y1YmIiLCJhbGciOiJIUzI1NiJ9.eyJ1cmwiOiJncm93IGEgZ2FyZGVuL1VuaWNvcm4ud2VicCIsInNjb3BlIjoiZG93bmxvYWQiLCJpYXQiOjE3ODI5MjU1MTIsImV4cCI6MTgxNDQ2MTUxMn0.ScFzGsFGQuUs5MJhSV83tOOctkUIYCCRrlH9RXql19Y","1","active"
"golden-dragonfly","Golden Dragonfly","","Bloxhop","Mythic","Mythic, grow-a-garden-2","TRUE","Title","Default Title","BH-63","686.98","750.12","shopify","5","deny","manual","FALSE","FALSE","62510.00","https://enkkrsrdiwuztnxlykgu.supabase.co/storage/v1/object/sign/grow%20a%20garden/GoldenDragonfly.webp?token=eyJraWQiOiJzdG9yYWdlLXVybC1zaWduaW5nLWtleV8xN2IwYWM1NS1lNmYxLTQ2MWUtYmJlOS01NWM5NjgzM2Y1YmIiLCJhbGciOiJIUzI1NiJ9.eyJ1cmwiOiJncm93IGEgZ2FyZGVuL0dvbGRlbkRyYWdvbmZseS53ZWJwIiwic2NvcGUiOiJkb3dubG9hZCIsImlhdCI6MTc4MjkyNTU4MSwiZXhwIjoxODE0NDYxNTgxfQ.XdWpdq4zw0AViZMYhs-7DH0GDx66FvruEgx3Z0KVH0E","1","active"
"bear","Bear ","","Bloxhop","Mythic","Mythic, grow-a-garden-2","TRUE","Title","Default Title","BH-64","874.51","937.65","shopify","5","deny","manual","FALSE","FALSE","62510.00","https://enkkrsrdiwuztnxlykgu.supabase.co/storage/v1/object/sign/grow%20a%20garden/Bear.webp?token=eyJraWQiOiJzdG9yYWdlLXVybC1zaWduaW5nLWtleV8xN2IwYWM1NS1lNmYxLTQ2MWUtYmJlOS01NWM5NjgzM2Y1YmIiLCJhbGciOiJIUzI1NiJ9.eyJ1cmwiOiJncm93IGEgZ2FyZGVuL0JlYXIud2VicCIsInNjb3BlIjoiZG93bmxvYWQiLCJpYXQiOjE3ODI5MjU2NTYsImV4cCI6MTgxNDQ2MTY1Nn0.2mU7jLmIhu1lZJu1RJunF_m-6xtnpTPTACnpfqn3pTU","1","active"
"monkey","Monkey ","","Bloxhop","","grow-a-garden-2","TRUE","Title","Default Title","BH-65","749.49","875.14","shopify","7","deny","manual","FALSE","FALSE","60008.35","https://enkkrsrdiwuztnxlykgu.supabase.co/storage/v1/object/sign/grow%20a%20garden/Monkey.webp?token=eyJraWQiOiJzdG9yYWdlLXVybC1zaWduaW5nLWtleV8xN2IwYWM1NS1lNmYxLTQ2MWUtYmJlOS01NWM5NjgzM2Y1YmIiLCJhbGciOiJIUzI1NiJ9.eyJ1cmwiOiJncm93IGEgZ2FyZGVuL01vbmtleS53ZWJwIiwic2NvcGUiOiJkb3dubG9hZCIsImlhdCI6MTc4MjkyNTY5NywiZXhwIjoxODE0NDYxNjk3fQ.iwUCpua_zWwyDW_92S1RKxnweNFun9QX-2wOEvi9j9Y","1","active"
"bee","Bee","","Bloxhop","Legendary","Legendary, grow-a-garden-2","TRUE","Title","Default Title","BH-66","499.45","561.96","shopify","5","deny","manual","FALSE","FALSE","45006.57","https://enkkrsrdiwuztnxlykgu.supabase.co/storage/v1/object/sign/grow%20a%20garden/Bee.webp?token=eyJraWQiOiJzdG9yYWdlLXVybC1zaWduaW5nLWtleV8xN2IwYWM1NS1lNmYxLTQ2MWUtYmJlOS01NWM5NjgzM2Y1YmIiLCJhbGciOiJIUzI1NiJ9.eyJ1cmwiOiJncm93IGEgZ2FyZGVuL0JlZS53ZWJwIiwic2NvcGUiOiJkb3dubG9hZCIsImlhdCI6MTc4MjkyNTczNywiZXhwIjoxODE0NDYxNzM3fQ.5E95OxoWFvIPwfSACoMNvKxLIzAUHrq3AjXbFwcSVEM","1","active"
"robin","Robin ","","Bloxhop","Epic","Epic, grow-a-garden-2","TRUE","Title","Default Title","BH-67","186.90","193.16","shopify","5","deny","manual","FALSE","FALSE","18753.00","https://enkkrsrdiwuztnxlykgu.supabase.co/storage/v1/object/sign/grow%20a%20garden/Robin.webp?token=eyJraWQiOiJzdG9yYWdlLXVybC1zaWduaW5nLWtleV8xN2IwYWM1NS1lNmYxLTQ2MWUtYmJlOS01NWM5NjgzM2Y1YmIiLCJhbGciOiJIUzI1NiJ9.eyJ1cmwiOiJncm93IGEgZ2FyZGVuL1JvYmluLndlYnAiLCJzY29wZSI6ImRvd25sb2FkIiwiaWF0IjoxNzgyOTI1OTAzLCJleHAiOjE4MTQ0NjE5MDN9._urYKG6FeG0XU1lpymn0EieL-UiqujK0UqgUB_nog6I","1","active"
"turtle","Turtle","","Bloxhop","Rare","Rare, grow-a-garden-2","TRUE","Title","Default Title","BH-68","124.39","156.28","shopify","6","deny","manual","FALSE","FALSE","10001.60","https://enkkrsrdiwuztnxlykgu.supabase.co/storage/v1/object/sign/grow%20a%20garden/Turtle.webp?token=eyJraWQiOiJzdG9yYWdlLXVybC1zaWduaW5nLWtleV8xN2IwYWM1NS1lNmYxLTQ2MWUtYmJlOS01NWM5NjgzM2Y1YmIiLCJhbGciOiJIUzI1NiJ9.eyJ1cmwiOiJncm93IGEgZ2FyZGVuL1R1cnRsZS53ZWJwIiwic2NvcGUiOiJkb3dubG9hZCIsImlhdCI6MTc4MjkyNTk1NSwiZXhwIjoxODE0NDYxOTU1fQ.TH-Cl6Zib5MqYQPf3ePczLXelBA8c57bLD4QXBlM6bY","1","active"
"deer","Deer","","Bloxhop","Rare","Rare, adopt-me","TRUE","Title","Default Title","BH-69","93.14","125.02","shopify","5","deny","manual","FALSE","FALSE","7501.20","https://enkkrsrdiwuztnxlykgu.supabase.co/storage/v1/object/sign/grow%20a%20garden/Deer.webp?token=eyJraWQiOiJzdG9yYWdlLXVybC1zaWduaW5nLWtleV8xN2IwYWM1NS1lNmYxLTQ2MWUtYmJlOS01NWM5NjgzM2Y1YmIiLCJhbGciOiJIUzI1NiJ9.eyJ1cmwiOiJncm93IGEgZ2FyZGVuL0RlZXIud2VicCIsInNjb3BlIjoiZG93bmxvYWQiLCJpYXQiOjE3ODI5MjYwMTQsImV4cCI6MTgxNDQ2MjAxNH0.6f0yEG-khCRuuc09rW-qIU8I2RcJ5tyWXfmcKjqQicc","1","active"
"black-dragon","Black Dragon","","Bloxhop","Super","Super, grow-a-garden-2","TRUE","Title","Default Title","BH-70","9375.87","10001.60","shopify","5","deny","manual","FALSE","FALSE","625100.00","https://enkkrsrdiwuztnxlykgu.supabase.co/storage/v1/object/sign/grow%20a%20garden/BlackDragon.webp?token=eyJraWQiOiJzdG9yYWdlLXVybC1zaWduaW5nLWtleV8xN2IwYWM1NS1lNmYxLTQ2MWUtYmJlOS01NWM5NjgzM2Y1YmIiLCJhbGciOiJIUzI1NiJ9.eyJ1cmwiOiJncm93IGEgZ2FyZGVuL0JsYWNrRHJhZ29uLndlYnAiLCJzY29wZSI6ImRvd25sb2FkIiwiaWF0IjoxNzgyOTI2Mzg1LCJleHAiOjE4MTQ0NjIzODV9.bEb2MlONNtiGMf12xDvR-v1Vst14Y5afxgIoE9KNWAw","1","active"
"vine-wrapper","Vine Wrapper","Trap people in vines!","Bloxhop","Game Passes/Gear ","Game Passes/Gear , grow-a-garden-2","TRUE","Title","Default Title","BH-71","561.96","624.47","shopify","5","deny","manual","FALSE","FALSE","31255.00","https://enkkrsrdiwuztnxlykgu.supabase.co/storage/v1/object/sign/grow%20a%20garden/vine.PNG?token=eyJraWQiOiJzdG9yYWdlLXVybC1zaWduaW5nLWtleV8xN2IwYWM1NS1lNmYxLTQ2MWUtYmJlOS01NWM5NjgzM2Y1YmIiLCJhbGciOiJIUzI1NiJ9.eyJ1cmwiOiJncm93IGEgZ2FyZGVuL3ZpbmUuUE5HIiwic2NvcGUiOiJkb3dubG9hZCIsImlhdCI6MTc4MjkyNjU4OCwiZXhwIjoxODE0NDYyNTg4fQ.mnzwOKzP2_PR-_c1Kk0OpJb_v7Fbfj7_UFPUEnuzz4A","1","active"
"freeze-ray","Freeze Ray ","Freeze people and stop them from stealing!","Bloxhop","Game Passes/Gear","Game Passes/Gear, grow-a-garden-2","TRUE","Title","Default Title","BH-72","749.49","812.63","shopify","5","deny","manual","FALSE","FALSE","46882.50","https://enkkrsrdiwuztnxlykgu.supabase.co/storage/v1/object/sign/grow%20a%20garden/freeze.PNG?token=eyJraWQiOiJzdG9yYWdlLXVybC1zaWduaW5nLWtleV8xN2IwYWM1NS1lNmYxLTQ2MWUtYmJlOS01NWM5NjgzM2Y1YmIiLCJhbGciOiJIUzI1NiJ9.eyJ1cmwiOiJncm93IGEgZ2FyZGVuL2ZyZWV6ZS5QTkciLCJzY29wZSI6ImRvd25sb2FkIiwiaWF0IjoxNzgyOTI2NzgwLCJleHAiOjE4MTQ0NjI3ODB9.wMU_Iyd0knujTloX1hwV9kJ9hwcEe490yvjQWa2yA0s","1","active"
"rainbow-magic-carpet","Rainbow Magic Carpet","","Bloxhop","Game Passes/Gear","Game Passes/Gear, grow-a-garden-2","TRUE","Title","Default Title","BH-73","593.22","625.10","shopify","5","deny","manual","FALSE","FALSE","37506.00","https://enkkrsrdiwuztnxlykgu.supabase.co/storage/v1/object/sign/grow%20a%20garden/RainBow.PNG?token=eyJraWQiOiJzdG9yYWdlLXVybC1zaWduaW5nLWtleV8xN2IwYWM1NS1lNmYxLTQ2MWUtYmJlOS01NWM5NjgzM2Y1YmIiLCJhbGciOiJIUzI1NiJ9.eyJ1cmwiOiJncm93IGEgZ2FyZGVuL1JhaW5Cb3cuUE5HIiwic2NvcGUiOiJkb3dubG9hZCIsImlhdCI6MTc4MjkyNjg3NCwiZXhwIjoxODE0NDYyODc0fQ.tbPkHCXRXNRJ7zplZZsy5Px1GbYLToQPAZtW0ne7fGc","1","active"
"power-hose","Power Hose","Spray people from distance!","Bloxhop","Game Passes/Gear","Game Passes/Gear, grow-a-garden-2","TRUE","Title","Default Title","BH-74","343.18","375.06","shopify","5","deny","manual","FALSE","FALSE","18753.00","https://enkkrsrdiwuztnxlykgu.supabase.co/storage/v1/object/sign/grow%20a%20garden/power.PNG?token=eyJraWQiOiJzdG9yYWdlLXVybC1zaWduaW5nLWtleV8xN2IwYWM1NS1lNmYxLTQ2MWUtYmJlOS01NWM5NjgzM2Y1YmIiLCJhbGciOiJIUzI1NiJ9.eyJ1cmwiOiJncm93IGEgZ2FyZGVuL3Bvd2VyLlBORyIsInNjb3BlIjoiZG93bmxvYWQiLCJpYXQiOjE3ODI5MjY5NjksImV4cCI6MTgxNDQ2Mjk2OX0.XnMtvccPjYOyNwuisWcIcaGgel43l_NchgZ3I47pRjE","1","active"
"storage","+1 storage ","","Bloxhop","Gamepasses","Gamepasses, blox-fruits","TRUE","Title","Default Title","BH-75","343.81","468.83","shopify","5","deny","manual","FALSE","FALSE","25004.00","https://static.wikia.nocookie.net/roblox-blox-piece/images/6/6a/BadgeFruitStorage.png/revision/latest?cb=20241223150349","1","active"
"permanent-magnet","Permanent Magnet ","COOMING SOON ON SEPT 5","Bloxhop","Permanent Fruits","SOON, Permanent Fruits, blox-fruits","TRUE","Title","Default Title","BH-76","","","shopify","","deny","manual","FALSE","FALSE","","https://enkkrsrdiwuztnxlykgu.supabase.co/storage/v1/object/sign/SIGMA/123.png?token=eyJraWQiOiIxN2IwYWM1NS1lNmYxLTQ2MWUtYmJlOS01NWM5NjgzM2Y1YmIiLCJhbGciOiJIUzI1NiJ9.eyJ1cmwiOiJTSUdNQS8xMjMucG5nIiwic2NvcGUiOiJkb3dubG9hZCIsImlhdCI6MTc4ODE4NjQ2NCwiZXhwIjoxODE5NzIyNDY0fQ.5LUwDUrx5s3C8xVP-6-WE2nPYPbteSFG6wwM_akNYjY","1","active"
