"Handle","Title","Body (HTML)","Vendor","Product Category","Type","Tags","Published","Option1 Name","Option1 Value","Variant Price","Variant Compare At Price","Variant Inventory Qty","Variant Inventory Policy","Variant Fulfillment Service","Variant Requires Shipping","Variant Taxable","Image Src","Image Position","Image Alt Text","SEO Title","SEO Description"
"permanent-mammoth","Permanent Mammoth","","Bloxhop","Permanent Fruits","Digital Product","blox-fruits, Permanent Fruits","TRUE","Title","Default Title","23.99","29.38","10","continue","manual","FALSE","TRUE","https://enkkrsrdiwuztnxlykgu.supabase.co/storage/v1/object/sign/SIGMA/Mammoth.webp?token=eyJraWQiOiJzdG9yYWdlLXVybC1zaWduaW5nLWtleV8xN2IwYWM1NS1lNmYxLTQ2MWUtYmJlOS01NWM5NjgzM2Y1YmIiLCJhbGciOiJIUzI1NiJ9.eyJ1cmwiOiJTSUdNQS9NYW1tb3RoLndlYnAiLCJpYXQiOjE3NzU0OTA3NzksImV4cCI6MTgwNzAyNjc3OX0.4I7OwtYW4XIVnailnbOHXRLLkFss3KmDNjFFcE0nftU","1","Permanent Mammoth","Permanent Mammoth",""
"permanent-tiger","Permanent Tiger","","Bloxhop","Permanent Fruits","Digital Product","blox-fruits, Permanent Fruits","TRUE","Title","Default Title","30.75","37.50","10","continue","manual","FALSE","TRUE","https://enkkrsrdiwuztnxlykgu.supabase.co/storage/v1/object/sign/SIGMA/Tiger.webp?token=eyJraWQiOiJzdG9yYWdlLXVybC1zaWduaW5nLWtleV8xN2IwYWM1NS1lNmYxLTQ2MWUtYmJlOS01NWM5NjgzM2Y1YmIiLCJhbGciOiJIUzI1NiJ9.eyJ1cmwiOiJTSUdNQS9UaWdlci53ZWJwIiwiaWF0IjoxNzc1NDg5ODEyLCJleHAiOjE4MDcwMjU4MTJ9.oRXAeBiGqB1SmbhhAfsx-Ercd4VMQsloEPsLdlbm1fk","1","Permanent Tiger","Permanent Tiger",""
"permanent-gas","Permanent Gas","","Bloxhop","Permanent Fruits","Digital Product","blox-fruits, Permanent Fruits","TRUE","Title","Default Title","22.75","31.25","10","continue","manual","FALSE","TRUE","https://enkkrsrdiwuztnxlykgu.supabase.co/storage/v1/object/sign/SIGMA/Gas.webp?token=eyJraWQiOiJzdG9yYWdlLXVybC1zaWduaW5nLWtleV8xN2IwYWM1NS1lNmYxLTQ2MWUtYmJlOS01NWM5NjgzM2Y1YmIiLCJhbGciOiJIUzI1NiJ9.eyJ1cmwiOiJTSUdNQS9HYXMud2VicCIsImlhdCI6MTc3NTQ5MDQ2OSwiZXhwIjoxODA3MDI2NDY5fQ.FIUOeXr2dRABrXi03TZKsyp86cZgm3yZDdWBc32OVCo","1","Permanent Gas","Permanent Gas",""
"permanent-dragon","Permanent Dragon","","Bloxhop","Permanent Fruits","Digital Product","blox-fruits, Permanent Fruits","TRUE","Title","Default Title","48.21","62.50","10","continue","manual","FALSE","TRUE","https://enkkrsrdiwuztnxlykgu.supabase.co/storage/v1/object/sign/SIGMA/Dragonwhole.webp?token=eyJraWQiOiJzdG9yYWdlLXVybC1zaWduaW5nLWtleV8xN2IwYWM1NS1lNmYxLTQ2MWUtYmJlOS01NWM5NjgzM2Y1YmIiLCJhbGciOiJIUzI1NiJ9.eyJ1cmwiOiJTSUdNQS9EcmFnb253aG9sZS53ZWJwIiwiaWF0IjoxNzc2MTg1ODMyLCJleHAiOjE4MDc3MjE4MzJ9.5jsWY2oe4xpJUwc9wdGxxl2_5UtVM6WVj_HNsqbY-sk","1","Permanent Dragon","Permanent Dragon",""
"permanent-control","Permanent Control","","Bloxhop","Permanent Fruits","Digital Product","blox-fruits, Permanent Fruits","TRUE","Title","Default Title","39.05","50.00","10","continue","manual","FALSE","TRUE","https://enkkrsrdiwuztnxlykgu.supabase.co/storage/v1/object/sign/SIGMA/Control.webp?token=eyJraWQiOiJzdG9yYWdlLXVybC1zaWduaW5nLWtleV8xN2IwYWM1NS1lNmYxLTQ2MWUtYmJlOS01NWM5NjgzM2Y1YmIiLCJhbGciOiJIUzI1NiJ9.eyJ1cmwiOiJTSUdNQS9Db250cm9sLndlYnAiLCJpYXQiOjE3NzU0OTAxODYsImV4cCI6MTgwNzAyNjE4Nn0.8qLCY6n-7xvDXPKXzYqeFcSN8-CZskrPKPS_UZgM2Js","1","Permanent Control","Permanent Control",""
"permanent-trex","Permanent T-rex","","Bloxhop","Permanent Fruits","Digital Product","blox-fruits, Permanent Fruits","TRUE","Title","Default Title","23.99","29.38","10","continue","manual","FALSE","TRUE","https://enkkrsrdiwuztnxlykgu.supabase.co/storage/v1/object/sign/SIGMA/T-Rex.webp?token=eyJraWQiOiJzdG9yYWdlLXVybC1zaWduaW5nLWtleV8xN2IwYWM1NS1lNmYxLTQ2MWUtYmJlOS01NWM5NjgzM2Y1YmIiLCJhbGciOiJIUzI1NiJ9.eyJ1cmwiOiJTSUdNQS9ULVJleC53ZWJwIiwiaWF0IjoxNzc1NDkwODc2LCJleHAiOjE4MDcwMjY4NzZ9.qxhkLWT0Ayezhc45y2ToMkgF1Yu7NRa73AHIRuVKARg","1","Permanent T-rex","Permanent T-rex",""
"permanent-yeti","Permanent Yeti","","Bloxhop","Permanent Fruits","Digital Product","blox-fruits, Permanent Fruits","TRUE","Title","Default Title","30.75","37.50","9","continue","manual","FALSE","TRUE","https://enkkrsrdiwuztnxlykgu.supabase.co/storage/v1/object/sign/SIGMA/Yeti.webp?token=eyJraWQiOiJzdG9yYWdlLXVybC1zaWduaW5nLWtleV8xN2IwYWM1NS1lNmYxLTQ2MWUtYmJlOS01NWM5NjgzM2Y1YmIiLCJhbGciOiJIUzI1NiJ9.eyJ1cmwiOiJTSUdNQS9ZZXRpLndlYnAiLCJpYXQiOjE3NzU0ODk5NjYsImV4cCI6MTgwNzAyNTk2Nn0.o3dCCPJMm4f_gsMNyGT0_vdIgShQnJw1h3LuoaIhRR0","1","Permanent Yeti","Permanent Yeti",""
"permanent-kitsune","Permanent Kitsune","","Bloxhop","Permanent Fruits","Digital Product","blox-fruits, Permanent Fruits","TRUE","Title","Default Title","39.05","50.00","9","continue","manual","FALSE","TRUE","https://enkkrsrdiwuztnxlykgu.supabase.co/storage/v1/object/sign/SIGMA/Kitsune.webp?token=eyJraWQiOiJzdG9yYWdlLXVybC1zaWduaW5nLWtleV8xN2IwYWM1NS1lNmYxLTQ2MWUtYmJlOS01NWM5NjgzM2Y1YmIiLCJhbGciOiJIUzI1NiJ9.eyJ1cmwiOiJTSUdNQS9LaXRzdW5lLndlYnAiLCJpYXQiOjE3NzU0ODkxNDUsImV4cCI6MTgwNzAyNTE0NX0.j1qrbRR-fMxLW2p6IS2dRIG1g9CB_nPj39sWOkcsxRU","1","Permanent Kitsune","Permanent Kitsune",""
"permanent-dough","Permanent Dough","","Bloxhop","Permanent Fruits","Digital Product","blox-fruits, Permanent Fruits","TRUE","Title","Default Title","23.00","30.00","10","continue","manual","FALSE","TRUE","https://enkkrsrdiwuztnxlykgu.supabase.co/storage/v1/object/sign/SIGMA/Dough.webp?token=eyJraWQiOiJzdG9yYWdlLXVybC1zaWduaW5nLWtleV8xN2IwYWM1NS1lNmYxLTQ2MWUtYmJlOS01NWM5NjgzM2Y1YmIiLCJhbGciOiJIUzI1NiJ9.eyJ1cmwiOiJTSUdNQS9Eb3VnaC53ZWJwIiwiaWF0IjoxNzc1NDkzODk2LCJleHAiOjE4MDcwMjk4OTZ9.hVrOr92sRwv4gBpJgO9N6wzbC2yx0gUDm29gMuaX220","1","Permanent Dough","Permanent Dough",""
"permanent-gravity","Permanent Gravity","","Bloxhop","Permanent Fruits","Digital Product","blox-fruits, Permanent Fruits","TRUE","Title","Default Title","21.99","28.75","10","continue","manual","FALSE","TRUE","https://enkkrsrdiwuztnxlykgu.supabase.co/storage/v1/object/sign/SIGMA/Gravity.webp?token=eyJraWQiOiJzdG9yYWdlLXVybC1zaWduaW5nLWtleV8xN2IwYWM1NS1lNmYxLTQ2MWUtYmJlOS01NWM5NjgzM2Y1YmIiLCJhbGciOiJIUzI1NiJ9.eyJ1cmwiOiJTSUdNQS9HcmF2aXR5LndlYnAiLCJpYXQiOjE3NzU0OTM5NTAsImV4cCI6MTgwNzAyOTk1MH0.tRADWKywsWiooPupIu0AaMHjLOTZl1GLlKY0cjgsRd0","1","Permanent Gravity","Permanent Gravity",""
"permanent-venom","Permanent Venom","","Bloxhop","Permanent Fruits","Digital Product","blox-fruits, Permanent Fruits","TRUE","Title","Default Title","23.37","30.63","10","continue","manual","FALSE","TRUE","https://enkkrsrdiwuztnxlykgu.supabase.co/storage/v1/object/sign/SIGMA/Venom.webp?token=eyJraWQiOiJzdG9yYWdlLXVybC1zaWduaW5nLWtleV8xN2IwYWM1NS1lNmYxLTQ2MWUtYmJlOS01NWM5NjgzM2Y1YmIiLCJhbGciOiJIUzI1NiJ9.eyJ1cmwiOiJTSUdNQS9WZW5vbS53ZWJwIiwiaWF0IjoxNzc1NDk0MDQzLCJleHAiOjE4MDcwMzAwNDN9.zy5c0AQwCdzbWhtQuxgL2S7IXWMu90lSkyuAi8EOu48","1","Permanent Venom","Permanent Venom",""
"permanent-phoenix","Permanent Phoenix","","Bloxhop","Permanent Fruits","Digital Product","blox-fruits, Permanent Fruits","TRUE","Title","Default Title","19.75","25.00","10","continue","manual","FALSE","TRUE","https://enkkrsrdiwuztnxlykgu.supabase.co/storage/v1/object/sign/SIGMA/Phoenix.webp?token=eyJraWQiOiJzdG9yYWdlLXVybC1zaWduaW5nLWtleV8xN2IwYWM1NS1lNmYxLTQ2MWUtYmJlOS01NWM5NjgzM2Y1YmIiLCJhbGciOiJIUzI1NiJ9.eyJ1cmwiOiJTSUdNQS9QaG9lbml4LndlYnAiLCJpYXQiOjE3NzU0OTQyNjEsImV4cCI6MTgwNzAzMDI2MX0.0umG68Rp-ToJ0Obl_kmCed82psUuhwZwAxenkKo3qng","1","Permanent Phoenix","Permanent Phoenix",""
"permanent-sound","Permanent Sound","","Bloxhop","Permanent Fruits","Digital Product","blox-fruits, Permanent Fruits","TRUE","Title","Default Title","18.00","23.75","10","continue","manual","FALSE","TRUE","https://enkkrsrdiwuztnxlykgu.supabase.co/storage/v1/object/sign/SIGMA/Sound.webp?token=eyJraWQiOiJzdG9yYWdlLXVybC1zaWduaW5nLWtleV8xN2IwYWM1NS1lNmYxLTQ2MWUtYmJlOS01NWM5NjgzM2Y1YmIiLCJhbGciOiJIUzI1NiJ9.eyJ1cmwiOiJTSUdNQS9Tb3VuZC53ZWJwIiwiaWF0IjoxNzc1NDk0MzMwLCJleHAiOjE4MDcwMzAzMzB9.6wYIDdJnOUm_NSKXWbblAUVg8_W-Zk80h_tqUM0g_4U","1","Permanent Sound","Permanent Sound",""
"permanent-spider","Permanent Spider","","Bloxhop","Permanent Fruits","Digital Product","blox-fruits, Permanent Fruits","TRUE","Title","Default Title","18.53","22.50","10","continue","manual","FALSE","TRUE","https://enkkrsrdiwuztnxlykgu.supabase.co/storage/v1/object/sign/SIGMA/Spider.webp?token=eyJraWQiOiJzdG9yYWdlLXVybC1zaWduaW5nLWtleV8xN2IwYWM1NS1lNmYxLTQ2MWUtYmJlOS01NWM5NjgzM2Y1YmIiLCJhbGciOiJIUzI1NiJ9.eyJ1cmwiOiJTSUdNQS9TcGlkZXIud2VicCIsImlhdCI6MTc3NTQ5NDM2NSwiZXhwIjoxODA3MDMwMzY1fQ.K7QuqSxwvxiyD_zPrq1Kw20m58EPq9Ri8Bi9SoVoVZQ","1","Permanent Spider","Permanent Spider",""
"permanent-creation","Permanent Creation","","Bloxhop","Permanent Fruits","Digital Product","blox-fruits, Permanent Fruits","TRUE","Title","Default Title","16.69","21.87","10","continue","manual","FALSE","TRUE","https://enkkrsrdiwuztnxlykgu.supabase.co/storage/v1/object/sign/SIGMA/Creation.webp?token=eyJraWQiOiJzdG9yYWdlLXVybC1zaWduaW5nLWtleV8xN2IwYWM1NS1lNmYxLTQ2MWUtYmJlOS01NWM5NjgzM2Y1YmIiLCJhbGciOiJIUzI1NiJ9.eyJ1cmwiOiJTSUdNQS9DcmVhdGlvbi53ZWJwIiwiaWF0IjoxNzc1NDk0Mzk5LCJleHAiOjE4MDcwMzAzOTl9.vbXqQXnwzFP22fAFa5L6NhfZi8uuCZWRZZ4E0qB7qto","1","Permanent Creation","Permanent Creation",""
"permanent-love","Permanent Love","","Bloxhop","Permanent Fruits","Digital Product","blox-fruits, Permanent Fruits","TRUE","Title","Default Title","16.33","21.25","10","continue","manual","FALSE","TRUE","https://enkkrsrdiwuztnxlykgu.supabase.co/storage/v1/object/sign/SIGMA/Love.webp?token=eyJraWQiOiJzdG9yYWdlLXVybC1zaWduaW5nLWtleV8xN2IwYWM1NS1lNmYxLTQ2MWUtYmJlOS01NWM5NjgzM2Y1YmIiLCJhbGciOiJIUzI1NiJ9.eyJ1cmwiOiJTSUdNQS9Mb3ZlLndlYnAiLCJpYXQiOjE3NzU0OTQ0MzcsImV4cCI6MTgwNzAzMDQzN30.GiLC915VfoWWVc9S4reaIptU33Sy-X1_sFnSvnwI2gQ","1","Permanent Love","Permanent Love",""
"permanent-buddha","Permanent Buddha","","Bloxhop","Permanent Fruits","Digital Product","blox-fruits, Permanent Fruits","TRUE","Title","Default Title","16.20","20.62","10","continue","manual","FALSE","TRUE","https://enkkrsrdiwuztnxlykgu.supabase.co/storage/v1/object/sign/SIGMA/Buddha.webp?token=eyJraWQiOiJzdG9yYWdlLXVybC1zaWduaW5nLWtleV8xN2IwYWM1NS1lNmYxLTQ2MWUtYmJlOS01NWM5NjgzM2Y1YmIiLCJhbGciOiJIUzI1NiJ9.eyJ1cmwiOiJTSUdNQS9CdWRkaGEud2VicCIsImlhdCI6MTc3NTQ5NDQ2NywiZXhwIjoxODA3MDMwNDY3fQ.v1iSWrjlYfocPlJ6v5-Gs2di927_QSfcBYZfgkcNhMg","1","Permanent Buddha","Permanent Buddha",""
"permanent-quake","Permanent Quake","","Bloxhop","Permanent Fruits","Digital Product","blox-fruits, Permanent Fruits","TRUE","Title","Default Title","14.50","18.75","10","continue","manual","FALSE","TRUE","https://enkkrsrdiwuztnxlykgu.supabase.co/storage/v1/object/sign/SIGMA/Quake.webp?token=eyJraWQiOiJzdG9yYWdlLXVybC1zaWduaW5nLWtleV8xN2IwYWM1NS1lNmYxLTQ2MWUtYmJlOS01NWM5NjgzM2Y1YmIiLCJhbGciOiJIUzI1NiJ9.eyJ1cmwiOiJTSUdNQS9RdWFrZS53ZWJwIiwiaWF0IjoxNzc1NDk0NDk3LCJleHAiOjE4MDcwMzA0OTd9.zwEZyv_p2iuumcVwkE9fPnH-a7V3vGLGU6-YPCONVjA","1","Permanent Quake","Permanent Quake",""
"permanent-blizzard","Permanent Blizzard","","Bloxhop","Permanent Fruits","Digital Product","blox-fruits, Permanent Fruits","TRUE","Title","Default Title","24.50","28.13","10","continue","manual","FALSE","TRUE","https://enkkrsrdiwuztnxlykgu.supabase.co/storage/v1/object/sign/SIGMA/Blizzard.webp?token=eyJraWQiOiJzdG9yYWdlLXVybC1zaWduaW5nLWtleV8xN2IwYWM1NS1lNmYxLTQ2MWUtYmJlOS01NWM5NjgzM2Y1YmIiLCJhbGciOiJIUzI1NiJ9.eyJ1cmwiOiJTSUdNQS9CbGl6emFyZC53ZWJwIiwiaWF0IjoxNzc1NDk0NTI1LCJleHAiOjE4MDcwMzA1MjV9.G5U5rBwtaChARw29QakYypVlzE75utupGu9z5AsC_04","1","Permanent Blizzard","Permanent Blizzard",""
"permanent-pain","Permanent Pain","","Bloxhop","Permanent Fruits","Digital Product","blox-fruits, Permanent Fruits","TRUE","Title","Default Title","20.99","27.50","10","continue","manual","FALSE","TRUE","https://enkkrsrdiwuztnxlykgu.supabase.co/storage/v1/object/sign/SIGMA/Pain.webp?token=eyJraWQiOiJzdG9yYWdlLXVybC1zaWduaW5nLWtleV8xN2IwYWM1NS1lNmYxLTQ2MWUtYmJlOS01NWM5NjgzM2Y1YmIiLCJhbGciOiJIUzI1NiJ9.eyJ1cmwiOiJTSUdNQS9QYWluLndlYnAiLCJpYXQiOjE3NzU0OTQ1NjQsImV4cCI6MTgwNzAzMDU2NH0.vtiXhcINnliP8pvpWQW4hGNhGnD2i7I1CJgEH9Qb4m4","1","Permanent Pain","Permanent Pain",""
"permanent-lightning","Permanent Lightning","","Bloxhop","Permanent Fruits","Digital Product","blox-fruits, Permanent Fruits","TRUE","Title","Default Title","21.49","26.25","10","continue","manual","FALSE","TRUE","https://enkkrsrdiwuztnxlykgu.supabase.co/storage/v1/object/sign/SIGMA/Lightning.webp?token=eyJraWQiOiJzdG9yYWdlLXVybC1zaWduaW5nLWtleV8xN2IwYWM1NS1lNmYxLTQ2MWUtYmJlOS01NWM5NjgzM2Y1YmIiLCJhbGciOiJIUzI1NiJ9.eyJ1cmwiOiJTSUdNQS9MaWdodG5pbmcud2VicCIsImlhdCI6MTc3NTQ5NDU5MywiZXhwIjoxODA3MDMwNTkzfQ.UqaYhKqU6hKxw2IbkSHCQk01FLDv3bBCGdiMXTXczfM","1","Permanent Lightning","Permanent Lightning",""
"permanent-portal","Permanent Portal","","Bloxhop","Permanent Fruits","Digital Product","blox-fruits, Permanent Fruits","TRUE","Title","Default Title","19.75","25.00","10","continue","manual","FALSE","TRUE","https://enkkrsrdiwuztnxlykgu.supabase.co/storage/v1/object/sign/SIGMA/Portal.webp?token=eyJraWQiOiJzdG9yYWdlLXVybC1zaWduaW5nLWtleV8xN2IwYWM1NS1lNmYxLTQ2MWUtYmJlOS01NWM5NjgzM2Y1YmIiLCJhbGciOiJIUzI1NiJ9.eyJ1cmwiOiJTSUdNQS9Qb3J0YWwud2VicCIsImlhdCI6MTc3NTQ5NDYzOCwiZXhwIjoxODA3MDMwNjM4fQ.EpGKQznB0Nt9PXfvZqTk8Ad10InBqthl4dRo5IhrQ6A","1","Permanent Portal","Permanent Portal",""
"permanent-rubber","Permanent Rubber","","Bloxhop","Permanent Fruits","Digital Product","blox-fruits, Permanent Fruits","TRUE","Title","Default Title","11.50","15.00","10","continue","manual","FALSE","TRUE","https://enkkrsrdiwuztnxlykgu.supabase.co/storage/v1/object/sign/SIGMA/RubberIcon2.webp?token=eyJraWQiOiJzdG9yYWdlLXVybC1zaWduaW5nLWtleV8xN2IwYWM1NS1lNmYxLTQ2MWUtYmJlOS01NWM5NjgzM2Y1YmIiLCJhbGciOiJIUzI1NiJ9.eyJ1cmwiOiJTSUdNQS9SdWJiZXJJY29uMi53ZWJwIiwiaWF0IjoxNzc2MDkxMTM0LCJleHAiOjE4MDc2MjcxMzR9.J6W4Oqw9Vq7KW9g1rg3ZL6SgZ6OnUgB7259NjbA59Zs","1","Permanent Rubber","Permanent Rubber",""
"permanent-light","Permanent Light","","Bloxhop","Permanent Fruits","Digital Product","blox-fruits, Permanent Fruits","TRUE","Title","Default Title","10.39","13.75","10","continue","manual","FALSE","TRUE","https://enkkrsrdiwuztnxlykgu.supabase.co/storage/v1/object/sign/SIGMA/Light.webp?token=eyJraWQiOiJzdG9yYWdlLXVybC1zaWduaW5nLWtleV8xN2IwYWM1NS1lNmYxLTQ2MWUtYmJlOS01NWM5NjgzM2Y1YmIiLCJhbGciOiJIUzI1NiJ9.eyJ1cmwiOiJTSUdNQS9MaWdodC53ZWJwIiwiaWF0IjoxNzc1NDk0NzUxLCJleHAiOjE4MDcwMzA3NTF9.pLUtts3EIttwnUJR9Si0HrQTjmZ7aM9LxP8nG7GCYNY","1","Permanent Light","Permanent Light",""
"permanent-magma","Permanent Magma","","Bloxhop","Permanent Fruits","Digital Product","blox-fruits, Permanent Fruits","TRUE","Title","Default Title","13.00","16.25","10","continue","manual","FALSE","TRUE","https://enkkrsrdiwuztnxlykgu.supabase.co/storage/v1/object/sign/SIGMA/Magma.webp?token=eyJraWQiOiJzdG9yYWdlLXVybC1zaWduaW5nLWtleV8xN2IwYWM1NS1lNmYxLTQ2MWUtYmJlOS01NWM5NjgzM2Y1YmIiLCJhbGciOiJIUzI1NiJ9.eyJ1cmwiOiJTSUdNQS9NYWdtYS53ZWJwIiwiaWF0IjoxNzc1NDk0NzkxLCJleHAiOjE4MDcwMzA3OTF9.oeBcqZhxCpUM5DJFUVrVU9R5d7aJ4Qv-5jl2lbb_EjY","1","Permanent Magma","Permanent Magma",""
"2xboss-drops-gamepass","2x Boss Drops","","Bloxhop","Gamepasses","Digital Product","blox-fruits, Gamepasses","TRUE","Title","Default Title","3.49","4.38","10","continue","manual","FALSE","TRUE","https://enkkrsrdiwuztnxlykgu.supabase.co/storage/v1/object/sign/SIGMA/2xboss_drops.webp?token=eyJraWQiOiJzdG9yYWdlLXVybC1zaWduaW5nLWtleV8xN2IwYWM1NS1lNmYxLTQ2MWUtYmJlOS01NWM5NjgzM2Y1YmIiLCJhbGciOiJIUzI1NiJ9.eyJ1cmwiOiJTSUdNQS8yeGJvc3NfZHJvcHMud2VicCIsImlhdCI6MTc3NjA5NDM5MiwiZXhwIjoxODA3NjMwMzkyfQ.WL-Vw_s5kjR-UJ52RmTiPU4WHHM-zKvc1WwOfHotXzs","1","2x Boss Drops","2x Boss Drops",""
"2xmastery-gamepass","2x Mastery","","Bloxhop","Gamepasses","Digital Product","blox-fruits, Gamepasses","TRUE","Title","Default Title","4.30","5.63","10","continue","manual","FALSE","TRUE","https://enkkrsrdiwuztnxlykgu.supabase.co/storage/v1/object/sign/SIGMA/2xmastery.webp?token=eyJraWQiOiJzdG9yYWdlLXVybC1zaWduaW5nLWtleV8xN2IwYWM1NS1lNmYxLTQ2MWUtYmJlOS01NWM5NjgzM2Y1YmIiLCJhbGciOiJIUzI1NiJ9.eyJ1cmwiOiJTSUdNQS8yeG1hc3Rlcnkud2VicCIsImlhdCI6MTc3NjA5NDcyOSwiZXhwIjoxODA3NjMwNzI5fQ.BjBwVUFy0NYivuCoJNmPXELHH4BqOfgordYjclL8L4I","1","2x Mastery","2x Mastery",""
"2xmoney-gamepass","2x Money","","Bloxhop","Gamepasses","Digital Product","blox-fruits, Gamepasses","TRUE","Title","Default Title","4.30","5.03","10","continue","manual","FALSE","TRUE","https://enkkrsrdiwuztnxlykgu.supabase.co/storage/v1/object/sign/SIGMA/2xmoney.webp?token=eyJraWQiOiJzdG9yYWdlLXVybC1zaWduaW5nLWtleV8xN2IwYWM1NS1lNmYxLTQ2MWUtYmJlOS01NWM5NjgzM2Y1YmIiLCJhbGciOiJIUzI1NiJ9.eyJ1cmwiOiJTSUdNQS8yeG1vbmV5LndlYnAiLCJpYXQiOjE3NzYwOTQ4MjYsImV4cCI6MTgwNzYzMDgyNn0.vbMXtji9PM_M-AYGuPJ-7CV71T92mYWLnfu-zl3yGSc","1","2x Money","2x Money",""
"fruit-notifier-gamepass","Fruit Notifier","","Bloxhop","Gamepasses","Digital Product","blox-fruits, Gamepasses","TRUE","Title","Default Title","26.00","33.75","10","continue","manual","FALSE","TRUE","https://enkkrsrdiwuztnxlykgu.supabase.co/storage/v1/object/sign/SIGMA/fruit_notifier.webp?token=eyJraWQiOiJzdG9yYWdlLXVybC1zaWduaW5nLWtleV8xN2IwYWM1NS1lNmYxLTQ2MWUtYmJlOS01NWM5NjgzM2Y1YmIiLCJhbGciOiJIUzI1NiJ9.eyJ1cmwiOiJTSUdNQS9mcnVpdF9ub3RpZmllci53ZWJwIiwiaWF0IjoxNzc2MDk0OTM3LCJleHAiOjE4MDc2MzA5Mzd9.RSJfHxeZp5Zy4D5K2o9Am04NmjQwloZ6vCqbOAAF4HI","1","Fruit Notifier","Fruit Notifier",""
"fast-boat-gamepass","Fast Boat","","Bloxhop","Gamepasses","Digital Product","blox-fruits, Gamepasses","TRUE","Title","Default Title","1.00","2.50","10","continue","manual","FALSE","TRUE","https://enkkrsrdiwuztnxlykgu.supabase.co/storage/v1/object/sign/SIGMA/fast_boats(4).webp?token=eyJraWQiOiJzdG9yYWdlLXVybC1zaWduaW5nLWtleV8xN2IwYWM1NS1lNmYxLTQ2MWUtYmJlOS01NWM5NjgzM2Y1YmIiLCJhbGciOiJIUzI1NiJ9.eyJ1cmwiOiJTSUdNQS9mYXN0X2JvYXRzKDQpLndlYnAiLCJpYXQiOjE3NzYwOTUwMjksImV4cCI6MTgwNzYzMTAyOX0.d5U0O8slDCIKPdxVtLmL7rfIQkrqMtZY8rq4FcWiU-c","1","Fast Boat","Fast Boat",""
"dark-blade-gamepass","Dark Blade","","Bloxhop","Gamepasses","Digital Product","blox-fruits, Gamepasses","TRUE","Title","Default Title","12.50","15.00","10","continue","manual","FALSE","TRUE","https://enkkrsrdiwuztnxlykgu.supabase.co/storage/v1/object/sign/SIGMA/dark_blade.webp?token=eyJraWQiOiJzdG9yYWdlLXVybC1zaWduaW5nLWtleV8xN2IwYWM1NS1lNmYxLTQ2MWUtYmJlOS01NWM5NjgzM2Y1YmIiLCJhbGciOiJIUzI1NiJ9.eyJ1cmwiOiJTSUdNQS9kYXJrX2JsYWRlLndlYnAiLCJpYXQiOjE3NzYwOTUxNzksImV4cCI6MTgwNzYzMTE3OX0.lQ1-xJV6xtRgIf-8RtIs1V_5KnbydA6jHszvBVeWYug","1","Dark Blade","Dark Blade",""
"permanent-ice","Permanent Ice","","Bloxhop","Permanent Fruits","Digital Product","blox-fruits, Permanent Fruits","TRUE","Title","Default Title","7.50","","10","continue","manual","FALSE","TRUE","https://enkkrsrdiwuztnxlykgu.supabase.co/storage/v1/object/sign/SIGMA/Ice.webp?token=eyJraWQiOiJzdG9yYWdlLXVybC1zaWduaW5nLWtleV8xN2IwYWM1NS1lNmYxLTQ2MWUtYmJlOS01NWM5NjgzM2Y1YmIiLCJhbGciOiJIUzI1NiJ9.eyJ1cmwiOiJTSUdNQS9JY2Uud2VicCIsImlhdCI6MTc3ODI0NzI1NiwiZXhwIjoxODA5NzgzMjU2fQ.ZKAv85Yc1tuxM6bFNgbhDaSqzm2hjFtij1PkHlV4u0M","1","Permanent Ice","Permanent Ice",""
"free","free","","Bloxhop","","Digital Product","mm2","TRUE","Title","Default Title","20.00","","","continue","manual","FALSE","TRUE","","1","free","free",""
"pet","pet","","Bloxhop","","Digital Product","pet-simulator","TRUE","Title","Default Title","1.00","","","continue","manual","FALSE","TRUE","","1","pet","pet",""
"pet","pet","","Bloxhop","huge","Digital Product","pet-simulator, huge","TRUE","Title","Default Title","0.50","","10","continue","manual","FALSE","TRUE","","1","pet","pet",""
"raccoon","Raccoon ","","Bloxhop","Super","Digital Product","grow-a-garden-2, Super","TRUE","Title","Default Title","26.99","30.00","10","continue","manual","FALSE","TRUE","https://enkkrsrdiwuztnxlykgu.supabase.co/storage/v1/object/sign/grow%20a%20garden/Racoon.webp?token=eyJraWQiOiJzdG9yYWdlLXVybC1zaWduaW5nLWtleV8xN2IwYWM1NS1lNmYxLTQ2MWUtYmJlOS01NWM5NjgzM2Y1YmIiLCJhbGciOiJIUzI1NiJ9.eyJ1cmwiOiJncm93IGEgZ2FyZGVuL1JhY29vbi53ZWJwIiwic2NvcGUiOiJkb3dubG9hZCIsImlhdCI6MTc4MjkyNTQyMSwiZXhwIjoxODE0NDYxNDIxfQ.KuGpSFIuyP06UrkAakC30-LlXtWi7hdVqbjco7fNX7E","1","Raccoon ","Raccoon ",""
"ice-serpent","Ice Serpent","","Bloxhop","Super","Digital Product","grow-a-garden-2, Super","TRUE","Title","Default Title","99.99","110.00","10","continue","manual","FALSE","TRUE","https://enkkrsrdiwuztnxlykgu.supabase.co/storage/v1/object/sign/grow%20a%20garden/IceSerpent.webp?token=eyJraWQiOiJzdG9yYWdlLXVybC1zaWduaW5nLWtleV8xN2IwYWM1NS1lNmYxLTQ2MWUtYmJlOS01NWM5NjgzM2Y1YmIiLCJhbGciOiJIUzI1NiJ9.eyJ1cmwiOiJncm93IGEgZ2FyZGVuL0ljZVNlcnBlbnQud2VicCIsInNjb3BlIjoiZG93bmxvYWQiLCJpYXQiOjE3ODI5MjUzMjUsImV4cCI6MTgxNDQ2MTMyNX0.VrjX8piziJ1vwxbSVuxx1070b6NRawF6CwZlXORoj0o","1","Ice Serpent","Ice Serpent",""
"unicorn","Unicorn ","","Bloxhop","Mythic","Digital Product","grow-a-garden-2, Mythic","TRUE","Title","Default Title","11.99","13.00","7","continue","manual","FALSE","TRUE","https://enkkrsrdiwuztnxlykgu.supabase.co/storage/v1/object/sign/grow%20a%20garden/Unicorn.webp?token=eyJraWQiOiJzdG9yYWdlLXVybC1zaWduaW5nLWtleV8xN2IwYWM1NS1lNmYxLTQ2MWUtYmJlOS01NWM5NjgzM2Y1YmIiLCJhbGciOiJIUzI1NiJ9.eyJ1cmwiOiJncm93IGEgZ2FyZGVuL1VuaWNvcm4ud2VicCIsInNjb3BlIjoiZG93bmxvYWQiLCJpYXQiOjE3ODI5MjU1MTIsImV4cCI6MTgxNDQ2MTUxMn0.ScFzGsFGQuUs5MJhSV83tOOctkUIYCCRrlH9RXql19Y","1","Unicorn ","Unicorn ",""
"golden-dragonfly","Golden Dragonfly","","Bloxhop","Mythic","Digital Product","grow-a-garden-2, Mythic","TRUE","Title","Default Title","10.99","12.00","5","continue","manual","FALSE","TRUE","https://enkkrsrdiwuztnxlykgu.supabase.co/storage/v1/object/sign/grow%20a%20garden/GoldenDragonfly.webp?token=eyJraWQiOiJzdG9yYWdlLXVybC1zaWduaW5nLWtleV8xN2IwYWM1NS1lNmYxLTQ2MWUtYmJlOS01NWM5NjgzM2Y1YmIiLCJhbGciOiJIUzI1NiJ9.eyJ1cmwiOiJncm93IGEgZ2FyZGVuL0dvbGRlbkRyYWdvbmZseS53ZWJwIiwic2NvcGUiOiJkb3dubG9hZCIsImlhdCI6MTc4MjkyNTU4MSwiZXhwIjoxODE0NDYxNTgxfQ.XdWpdq4zw0AViZMYhs-7DH0GDx66FvruEgx3Z0KVH0E","1","Golden Dragonfly","Golden Dragonfly",""
"bear","Bear ","","Bloxhop","Mythic","Digital Product","grow-a-garden-2, Mythic","TRUE","Title","Default Title","13.99","15.00","5","continue","manual","FALSE","TRUE","https://enkkrsrdiwuztnxlykgu.supabase.co/storage/v1/object/sign/grow%20a%20garden/Bear.webp?token=eyJraWQiOiJzdG9yYWdlLXVybC1zaWduaW5nLWtleV8xN2IwYWM1NS1lNmYxLTQ2MWUtYmJlOS01NWM5NjgzM2Y1YmIiLCJhbGciOiJIUzI1NiJ9.eyJ1cmwiOiJncm93IGEgZ2FyZGVuL0JlYXIud2VicCIsInNjb3BlIjoiZG93bmxvYWQiLCJpYXQiOjE3ODI5MjU2NTYsImV4cCI6MTgxNDQ2MTY1Nn0.2mU7jLmIhu1lZJu1RJunF_m-6xtnpTPTACnpfqn3pTU","1","Bear ","Bear ",""
"monkey","Monkey ","","Bloxhop","","Digital Product","grow-a-garden-2","TRUE","Title","Default Title","11.99","14.00","7","continue","manual","FALSE","TRUE","https://enkkrsrdiwuztnxlykgu.supabase.co/storage/v1/object/sign/grow%20a%20garden/Monkey.webp?token=eyJraWQiOiJzdG9yYWdlLXVybC1zaWduaW5nLWtleV8xN2IwYWM1NS1lNmYxLTQ2MWUtYmJlOS01NWM5NjgzM2Y1YmIiLCJhbGciOiJIUzI1NiJ9.eyJ1cmwiOiJncm93IGEgZ2FyZGVuL01vbmtleS53ZWJwIiwic2NvcGUiOiJkb3dubG9hZCIsImlhdCI6MTc4MjkyNTY5NywiZXhwIjoxODE0NDYxNjk3fQ.iwUCpua_zWwyDW_92S1RKxnweNFun9QX-2wOEvi9j9Y","1","Monkey ","Monkey ",""
"bee","Bee","","Bloxhop","Legendary","Digital Product","grow-a-garden-2, Legendary","TRUE","Title","Default Title","7.99","8.99","5","continue","manual","FALSE","TRUE","https://enkkrsrdiwuztnxlykgu.supabase.co/storage/v1/object/sign/grow%20a%20garden/Bee.webp?token=eyJraWQiOiJzdG9yYWdlLXVybC1zaWduaW5nLWtleV8xN2IwYWM1NS1lNmYxLTQ2MWUtYmJlOS01NWM5NjgzM2Y1YmIiLCJhbGciOiJIUzI1NiJ9.eyJ1cmwiOiJncm93IGEgZ2FyZGVuL0JlZS53ZWJwIiwic2NvcGUiOiJkb3dubG9hZCIsImlhdCI6MTc4MjkyNTczNywiZXhwIjoxODE0NDYxNzM3fQ.5E95OxoWFvIPwfSACoMNvKxLIzAUHrq3AjXbFwcSVEM","1","Bee","Bee",""
"robin","Robin ","","Bloxhop","Epic","Digital Product","grow-a-garden-2, Epic","TRUE","Title","Default Title","2.99","3.09","5","continue","manual","FALSE","TRUE","https://enkkrsrdiwuztnxlykgu.supabase.co/storage/v1/object/sign/grow%20a%20garden/Robin.webp?token=eyJraWQiOiJzdG9yYWdlLXVybC1zaWduaW5nLWtleV8xN2IwYWM1NS1lNmYxLTQ2MWUtYmJlOS01NWM5NjgzM2Y1YmIiLCJhbGciOiJIUzI1NiJ9.eyJ1cmwiOiJncm93IGEgZ2FyZGVuL1JvYmluLndlYnAiLCJzY29wZSI6ImRvd25sb2FkIiwiaWF0IjoxNzgyOTI1OTAzLCJleHAiOjE4MTQ0NjE5MDN9._urYKG6FeG0XU1lpymn0EieL-UiqujK0UqgUB_nog6I","1","Robin ","Robin ",""
"turtle","Turtle","","Bloxhop","Rare","Digital Product","grow-a-garden-2, Rare","TRUE","Title","Default Title","1.99","2.50","6","continue","manual","FALSE","TRUE","https://enkkrsrdiwuztnxlykgu.supabase.co/storage/v1/object/sign/grow%20a%20garden/Turtle.webp?token=eyJraWQiOiJzdG9yYWdlLXVybC1zaWduaW5nLWtleV8xN2IwYWM1NS1lNmYxLTQ2MWUtYmJlOS01NWM5NjgzM2Y1YmIiLCJhbGciOiJIUzI1NiJ9.eyJ1cmwiOiJncm93IGEgZ2FyZGVuL1R1cnRsZS53ZWJwIiwic2NvcGUiOiJkb3dubG9hZCIsImlhdCI6MTc4MjkyNTk1NSwiZXhwIjoxODE0NDYxOTU1fQ.TH-Cl6Zib5MqYQPf3ePczLXelBA8c57bLD4QXBlM6bY","1","Turtle","Turtle",""
"deer","Deer","","Bloxhop","Rare","Digital Product","adopt-me, Rare","TRUE","Title","Default Title","1.49","2.00","5","continue","manual","FALSE","TRUE","https://enkkrsrdiwuztnxlykgu.supabase.co/storage/v1/object/sign/grow%20a%20garden/Deer.webp?token=eyJraWQiOiJzdG9yYWdlLXVybC1zaWduaW5nLWtleV8xN2IwYWM1NS1lNmYxLTQ2MWUtYmJlOS01NWM5NjgzM2Y1YmIiLCJhbGciOiJIUzI1NiJ9.eyJ1cmwiOiJncm93IGEgZ2FyZGVuL0RlZXIud2VicCIsInNjb3BlIjoiZG93bmxvYWQiLCJpYXQiOjE3ODI5MjYwMTQsImV4cCI6MTgxNDQ2MjAxNH0.6f0yEG-khCRuuc09rW-qIU8I2RcJ5tyWXfmcKjqQicc","1","Deer","Deer",""
"black-dragon","Black Dragon","","Bloxhop","Super","Digital Product","grow-a-garden-2, Super","TRUE","Title","Default Title","149.99","160.00","5","continue","manual","FALSE","TRUE","https://enkkrsrdiwuztnxlykgu.supabase.co/storage/v1/object/sign/grow%20a%20garden/BlackDragon.webp?token=eyJraWQiOiJzdG9yYWdlLXVybC1zaWduaW5nLWtleV8xN2IwYWM1NS1lNmYxLTQ2MWUtYmJlOS01NWM5NjgzM2Y1YmIiLCJhbGciOiJIUzI1NiJ9.eyJ1cmwiOiJncm93IGEgZ2FyZGVuL0JsYWNrRHJhZ29uLndlYnAiLCJzY29wZSI6ImRvd25sb2FkIiwiaWF0IjoxNzgyOTI2Mzg1LCJleHAiOjE4MTQ0NjIzODV9.bEb2MlONNtiGMf12xDvR-v1Vst14Y5afxgIoE9KNWAw","1","Black Dragon","Black Dragon",""
"vine-wrapper","Vine Wrapper","Trap people in vines!","Bloxhop","Game Passes/Gear ","Digital Product","grow-a-garden-2, Game Passes/Gear ","TRUE","Title","Default Title","8.99","9.99","5","continue","manual","FALSE","TRUE","https://enkkrsrdiwuztnxlykgu.supabase.co/storage/v1/object/sign/grow%20a%20garden/vine.PNG?token=eyJraWQiOiJzdG9yYWdlLXVybC1zaWduaW5nLWtleV8xN2IwYWM1NS1lNmYxLTQ2MWUtYmJlOS01NWM5NjgzM2Y1YmIiLCJhbGciOiJIUzI1NiJ9.eyJ1cmwiOiJncm93IGEgZ2FyZGVuL3ZpbmUuUE5HIiwic2NvcGUiOiJkb3dubG9hZCIsImlhdCI6MTc4MjkyNjU4OCwiZXhwIjoxODE0NDYyNTg4fQ.mnzwOKzP2_PR-_c1Kk0OpJb_v7Fbfj7_UFPUEnuzz4A","1","Vine Wrapper","Vine Wrapper","Trap people in vines!"
"freeze-ray","Freeze Ray ","Freeze people and stop them from stealing!","Bloxhop","Game Passes/Gear","Digital Product","grow-a-garden-2, Game Passes/Gear","TRUE","Title","Default Title","11.99","13.00","5","continue","manual","FALSE","TRUE","https://enkkrsrdiwuztnxlykgu.supabase.co/storage/v1/object/sign/grow%20a%20garden/freeze.PNG?token=eyJraWQiOiJzdG9yYWdlLXVybC1zaWduaW5nLWtleV8xN2IwYWM1NS1lNmYxLTQ2MWUtYmJlOS01NWM5NjgzM2Y1YmIiLCJhbGciOiJIUzI1NiJ9.eyJ1cmwiOiJncm93IGEgZ2FyZGVuL2ZyZWV6ZS5QTkciLCJzY29wZSI6ImRvd25sb2FkIiwiaWF0IjoxNzgyOTI2NzgwLCJleHAiOjE4MTQ0NjI3ODB9.wMU_Iyd0knujTloX1hwV9kJ9hwcEe490yvjQWa2yA0s","1","Freeze Ray ","Freeze Ray ","Freeze people and stop them from stealing!"
"rainbow-magic-carpet","Rainbow Magic Carpet","","Bloxhop","Game Passes/Gear","Digital Product","grow-a-garden-2, Game Passes/Gear","TRUE","Title","Default Title","9.49","10.00","5","continue","manual","FALSE","TRUE","https://enkkrsrdiwuztnxlykgu.supabase.co/storage/v1/object/sign/grow%20a%20garden/RainBow.PNG?token=eyJraWQiOiJzdG9yYWdlLXVybC1zaWduaW5nLWtleV8xN2IwYWM1NS1lNmYxLTQ2MWUtYmJlOS01NWM5NjgzM2Y1YmIiLCJhbGciOiJIUzI1NiJ9.eyJ1cmwiOiJncm93IGEgZ2FyZGVuL1JhaW5Cb3cuUE5HIiwic2NvcGUiOiJkb3dubG9hZCIsImlhdCI6MTc4MjkyNjg3NCwiZXhwIjoxODE0NDYyODc0fQ.tbPkHCXRXNRJ7zplZZsy5Px1GbYLToQPAZtW0ne7fGc","1","Rainbow Magic Carpet","Rainbow Magic Carpet",""
"power-hose","Power Hose","Spray people from distance!","Bloxhop","Game Passes/Gear","Digital Product","grow-a-garden-2, Game Passes/Gear","TRUE","Title","Default Title","5.49","6.00","5","continue","manual","FALSE","TRUE","https://enkkrsrdiwuztnxlykgu.supabase.co/storage/v1/object/sign/grow%20a%20garden/power.PNG?token=eyJraWQiOiJzdG9yYWdlLXVybC1zaWduaW5nLWtleV8xN2IwYWM1NS1lNmYxLTQ2MWUtYmJlOS01NWM5NjgzM2Y1YmIiLCJhbGciOiJIUzI1NiJ9.eyJ1cmwiOiJncm93IGEgZ2FyZGVuL3Bvd2VyLlBORyIsInNjb3BlIjoiZG93bmxvYWQiLCJpYXQiOjE3ODI5MjY5NjksImV4cCI6MTgxNDQ2Mjk2OX0.XnMtvccPjYOyNwuisWcIcaGgel43l_NchgZ3I47pRjE","1","Power Hose","Power Hose","Spray people from distance!"
"storage","+1 storage ","","Bloxhop","Gamepasses","Digital Product","blox-fruits, Gamepasses","TRUE","Title","Default Title","5.50","7.50","5","continue","manual","FALSE","TRUE","https://static.wikia.nocookie.net/roblox-blox-piece/images/6/6a/BadgeFruitStorage.png/revision/latest?cb=20241223150349","1","+1 storage ","+1 storage ",""